bairro_origem,bairro_destino,nome_logradouro
Aflitos,Encruzilhada,AV SANTOS DUMONT
Aflitos,Encruzilhada,RUA CARNEIRO VILELA
Aflitos,Encruzilhada,RUA CONS PORTELA
Aflitos,Encruzilhada,RUA QUARENTA E OITO
Aflitos,Encruzilhada,RUA SAMUEL CAMPELO
Aflitos,Encruzilhada,RUA TELES JUNIOR
Aflitos,Espinheiro,AV CONSELHEIRO ROSA E SILVA
Aflitos,Espinheiro,RUA CONS PORTELA
Aflitos,Espinheiro,RUA QUARENTA E OITO
Aflitos,Graças,AV CONSELHEIRO ROSA E SILVA
Aflitos,Graças,AV SANTOS DUMONT
Aflitos,Graças,RUA CONS PORTELA
Aflitos,Graças,RUA TELES JUNIOR
Afogados,Bongi,EST DO BONGI
Afogados,Bongi,RUA MARIA JOSE DE LIMA
Afogados,Bongi,RUA PADRE TEOFILO TWORZ
Afogados,Bongi,RUA PROFESSOR CELESTIN MALZAC
Afogados,Bongi,RUA SANTA EDWIRGES
Afogados,Cabanga,AV SUL GOV. CID SAMPAIO
Afogados,Cabanga,RUA PINA-RIO
Afogados,Ilha Joana Bezerra,AV CENTRAL
Afogados,Ilha Joana Bezerra,RUA CAPIBARIBE-RIO
Afogados,Ilha do Retiro,EST DOS REMEDIOS
Afogados,Ilha do Retiro,RUA CAPIBARIBE-RIO
Afogados,Ilha do Retiro,RUA PADRE TEOFILO TWORZ
Afogados,Imbiribeira,AV SUL GOV. CID SAMPAIO
Afogados,Imbiribeira,RUA TEJIPIO-RIO
Afogados,Jiquiá,AV CENTRAL
Afogados,Jiquiá,RUA BOM JARDIM
Afogados,Jiquiá,RUA JIQUIA-RIO
Afogados,Jiquiá,RUA SAO MIGUEL
Afogados,Jiquiá,RUA TEJIPIO-RIO
Afogados,Mangueira,AV CENTRAL
Afogados,Mangueira,RUA ALEXANDRE RODRIGUES FERREIRA
Afogados,Mangueira,RUA BOM JARDIM
Afogados,Mangueira,RUA JOAO LEITE
Afogados,Mangueira,RUA LUIZ FIGUEIROA
Afogados,Mangueira,RUA VEREADOR FRANCISCO DE PAULA SANTANA
Afogados,Mangueira,RUA VINTE E UM DE ABRIL
Afogados,Mustardinha,AV MUSTARDINHA
Afogados,Mustardinha,RUA ADOLFO BEZERRA
Afogados,Mustardinha,RUA APUCARANA
Afogados,Mustardinha,RUA CAPITAO ADOLFO TAQUIS
Afogados,Mustardinha,RUA CARLOPOLIS
Afogados,Mustardinha,RUA DES MEDEIROS CORREIA
Afogados,Mustardinha,RUA ERNESTO CAVALCANTI
Afogados,Mustardinha,RUA GUAIBA
Afogados,Mustardinha,RUA MARIA JOSE DE LIMA
Afogados,Mustardinha,RUA MARIO LIBANIO
Afogados,Mustardinha,RUA ORLANDIA
Afogados,Mustardinha,RUA RAIMUNDO JACO
Afogados,Mustardinha,RUA UBERABA
Afogados,Mustardinha,RUA VINTE E UM DE ABRIL
Afogados,Pina,RUA PINA-RIO
Afogados,Prado,EST DO BONGI
Afogados,Prado,RUA PADRE TEOFILO TWORZ
Afogados,Prado,RUA SANTA EDWIRGES
Afogados,São José,AV CENTRAL
Afogados,São José,AV SUL GOV. CID SAMPAIO
Afogados,São José,RUA CAPIBARIBE-RIO
Alto José Bonifácio,Alto José do Pinho,COR DO BARTOLOMEU
Alto José Bonifácio,Alto José do Pinho,RUA CORREGO JOSE GRANDE
Alto José Bonifácio,Alto José do Pinho,RUA PADRE OLIVEIRA
Alto José Bonifácio,Brejo de Beberibe,RUA URIEL DE HOLANDA
Alto José Bonifácio,Linha do Tiro,RUA ALTO DA SERRINHA
Alto José Bonifácio,Linha do Tiro,RUA BISMARCK DE FREITAS
Alto José Bonifácio,Linha do Tiro,RUA GUSTAVO BARROZO
Alto José Bonifácio,Linha do Tiro,RUA URIEL DE HOLANDA
Alto José Bonifácio,Morro da Conceição,COR DO BARTOLOMEU
Alto José Bonifácio,Morro da Conceição,RUA CORREGO DO EUCLIDES
Alto José Bonifácio,Morro da Conceição,RUA CORREGO DO OURO
Alto José Bonifácio,Vasco da Gama,RUA ALCANTARA MACHADO
Alto José Bonifácio,Vasco da Gama,RUA ALTO DO BAMBUI
Alto José Bonifácio,Vasco da Gama,RUA ALTO NOSSA SENHORA DE FATIMA
Alto José Bonifácio,Vasco da Gama,RUA ARATUBA
Alto José Bonifácio,Vasco da Gama,RUA ARY PETER
Alto José Bonifácio,Vasco da Gama,RUA BAULANADIA
Alto José Bonifácio,Vasco da Gama,RUA CORREGO DO OURO
Alto José Bonifácio,Vasco da Gama,RUA ENGENHO PAROL
Alto José Bonifácio,Vasco da Gama,TRV DO SABINO
Alto José do Pinho,Bomba do Hemetério,1TR ARLINDO CISNEIRO
Alto José do Pinho,Bomba do Hemetério,RUA ARLINDO CISNEIRO
Alto José do Pinho,Bomba do Hemetério,RUA CAMPOS BELOS
Alto José do Pinho,Bomba do Hemetério,RUA DES HERACLITO CAVALCANTI
Alto José do Pinho,Casa Amarela,AV NORTE MIGUEL ARRAES DE ALENCAR
Alto José do Pinho,Mangabeira,AV NORTE MIGUEL ARRAES DE ALENCAR
Alto José do Pinho,Mangabeira,RUA 2TR CHA DE ALEGRIA
Alto José do Pinho,Mangabeira,RUA ARIPIBU
Alto José do Pinho,Mangabeira,RUA AVENCA
Alto José do Pinho,Mangabeira,RUA BAGUARI
Alto José do Pinho,Mangabeira,RUA BARRA VERDE
Alto José do Pinho,Mangabeira,RUA DA MANGABEIRA
Alto José do Pinho,Mangabeira,RUA DES HERACLITO CAVALCANTI
Alto José do Pinho,Mangabeira,RUA DO RIO
Alto José do Pinho,Mangabeira,RUA LAGE DE UNA
Alto José do Pinho,Mangabeira,RUA MONTE HOREB
Alto José do Pinho,Mangabeira,RUA SEVERINO BERNARDINO PEREIRA
Alto José do Pinho,Morro da Conceição,AV NORTE MIGUEL ARRAES DE ALENCAR
Alto José do Pinho,Morro da Conceição,COR DO BARTOLOMEU
Alto do Mandu,Apipucos,AV NORTE MIGUEL ARRAES DE ALENCAR
Alto do Mandu,Apipucos,RUA MANDACARU
Alto do Mandu,Apipucos,RUA MASSARANDUBA
Alto do Mandu,Casa Amarela,AV DR EURICO CHAVES
Alto do Mandu,Casa Amarela,AV NORTE MIGUEL ARRAES DE ALENCAR
Alto do Mandu,Macaxeira,AV NORTE MIGUEL ARRAES DE ALENCAR
Alto do Mandu,Macaxeira,RUA AROEIRA
Alto do Mandu,Macaxeira,RUA MASSARANDUBA
Alto do Mandu,Monteiro,AV DR EURICO CHAVES
Alto do Mandu,Monteiro,RUA MANDACARU
Alto do Mandu,Monteiro,RUA QUATRO DE MARCO
Alto do Mandu,Monteiro,RUA SIRIJI
Alto do Mandu,Monteiro,RUA TRAMANDAI
Alto do Mandu,Nova Descoberta,AV NORTE MIGUEL ARRAES DE ALENCAR
Apipucos,Caxangá,AV DA RECUPERACAO
Apipucos,Caxangá,RUA CAPIBARIBE-RIO
Apipucos,Córrego do Jenipapo,AV DA RECUPERACAO
Apipucos,Córrego do Jenipapo,AV NORTE MIGUEL ARRAES DE ALENCAR
Apipucos,Córrego do Jenipapo,ROD BR CENTO E UM
Apipucos,Dois Irmãos,AV DA RECUPERACAO
Apipucos,Dois Irmãos,ENT COMPLEXO DA MACAXEIRA
Apipucos,Dois Irmãos,ENT DA BR101 - AV NORTE
Apipucos,Dois Irmãos,ROD BR CENTO E UM
Apipucos,Dois Irmãos,RUA DOIS IRMAOS
Apipucos,Iputinga,ROD BR CENTO E UM
Apipucos,Iputinga,RUA CAPIBARIBE-RIO
Apipucos,Macaxeira,AV NORTE MIGUEL ARRAES DE ALENCAR
Apipucos,Macaxeira,RUA CORONEL JOAO BATISTA DO REGO BARROS
Apipucos,Macaxeira,RUA CORRENTEZA
Apipucos,Macaxeira,RUA DO BANHO
Apipucos,Macaxeira,RUA DOLCINOPOLIS
Apipucos,Macaxeira,RUA DOLORES SALGADO
Apipucos,Macaxeira,RUA DR ANAURO DORNELLAS CAMARA
Apipucos,Macaxeira,RUA MASSARANDUBA
Apipucos,Monteiro,RUA CAPIBARIBE-RIO
Apipucos,Monteiro,RUA DE APIPUCOS
Apipucos,Monteiro,RUA MANDACARU
Areias,Barro,AV CENTRAL
Areias,Barro,AV DES NESTOR DIOGENES DE MELLO
Areias,Barro,AV DR JOSE RUFINO
Areias,Barro,RUA ARMANDO SALES DE OLIVEIRA
Areias,Barro,RUA CORONEL LAMENHA
Areias,Barro,RUA DR VILAS BOAS
Areias,Barro,RUA JOSE NATARIO
Areias,Barro,RUA TEJIPIO-RIO
Areias,Caçote,AV CAPITAO GREGORIO DE CALDAS
Areias,Caçote,AV RECIFE
Areias,Caçote,RUA AURORA CACOTE
Areias,Caçote,RUA DONA ANA AURORA
Areias,Caçote,RUA TEJIPIO-RIO
Areias,Estância,AV CENTRAL
Areias,Estância,AV DR JOSE RUFINO
Areias,Estância,AV ESTANCIA
Areias,Estância,AV RECIFE
Areias,Estância,AV TAPAJOS
Areias,Estância,RUA DR ADELINO FILHO
Areias,Ibura,AV RECIFE
Areias,Ibura,RUA TEJIPIO-RIO
Areias,Imbiribeira,RUA TEJIPIO-RIO
Areias,Ipsep,AV RECIFE
Areias,Ipsep,RUA TEJIPIO-RIO
Areias,Jardim São Paulo,AV CENTRAL
Areias,Jardim São Paulo,AV RECIFE
Areias,Jiquiá,AV CENTRAL
Areias,Jiquiá,AV DR JOSE RUFINO
Areias,Jiquiá,AV TAPAJOS
Areias,Jiquiá,RUA TEJIPIO-RIO
Arruda,Bomba do Hemetério,EST VELHA DE AGUA FRIA
Arruda,Bomba do Hemetério,RUA DES HERACLITO CAVALCANTI
Arruda,Bomba do Hemetério,RUA JACOB
Arruda,Bomba do Hemetério,RUA PROFESSOR MANUEL TORRES
Arruda,Campina do Barreto,RUA DAS MOCAS
Arruda,Campina do Barreto,RUA EXP JAMIL DAGLI
Arruda,Campo Grande,AV PROFESSOR JOSE DOS ANJOS
Arruda,Campo Grande,RUA PETRONILA BOTELHO
Arruda,Mangabeira,AV PROFESSOR JOSE DOS ANJOS
Arruda,Mangabeira,RUA DES HERACLITO CAVALCANTI
Arruda,Mangabeira,RUA JACOB
Arruda,Peixinhos,AV PROFESSOR JOSE DOS ANJOS
Arruda,Peixinhos,RUA EXP JAMIL DAGLI
Arruda,Ponto de Parada,AV BEBERIBE
Arruda,Ponto de Parada,AV PROFESSOR JOSE DOS ANJOS
Arruda,Ponto de Parada,RUA PETRONILA BOTELHO
Arruda,Rosarinho,AV PROFESSOR JOSE DOS ANJOS
Arruda,Tamarineira,AV PROFESSOR JOSE DOS ANJOS
Arruda,Tamarineira,EST VELHA DE AGUA FRIA
Arruda,Água Fria,AV BEBERIBE
Arruda,Água Fria,EST VELHA DE AGUA FRIA
Arruda,Água Fria,RUA ALEGRE
Arruda,Água Fria,RUA BOM CONSELHO
Arruda,Água Fria,RUA DA REGENERACAO
Arruda,Água Fria,RUA DAS MOCAS
Arruda,Água Fria,RUA DO MACHADO
Arruda,Água Fria,RUA EXP JAMIL DAGLI
Arruda,Água Fria,RUA RAUL POMPEIA
Arruda,Água Fria,RUA SAO BENTO
Arruda,Água Fria,RUA ZEFERINO AGRA
Barro,Ibura,ROD BR CENTO E UM
Barro,Ibura,RUA TEJIPIO-RIO
Barro,Jardim São Paulo,AV CENTRAL
Barro,Jardim São Paulo,ROD BR CENTO E UM
Barro,Tejipió,AV CENTRAL
Barro,Tejipió,AV DR JOSE RUFINO
Barro,Tejipió,ROD BR CENTO E UM
Barro,Tejipió,RUA BABACULANDIA
Barro,Tejipió,RUA BARAO DE LADARIO
Barro,Tejipió,RUA CAPY
Barro,Tejipió,RUA DA ESPERANCA
Barro,Tejipió,RUA TEJIPIO-RIO
Beberibe,Dois Unidos,AV HILDEBRANDO DE VASCONCELOS
Beberibe,Dois Unidos,RUA BEBERIBE-RIO
Beberibe,Dois Unidos,RUA MORNO-RIO
Beberibe,Linha do Tiro,AV ANIBAL BENEVOLO
Beberibe,Linha do Tiro,AV HILDEBRANDO DE VASCONCELOS
Beberibe,Linha do Tiro,RUA ALTO DOS COQUEIROS
Beberibe,Linha do Tiro,RUA MORNO-RIO
Beberibe,Linha do Tiro,RUA URIEL DE HOLANDA
Beberibe,Porto da Madeira,AV ANIBAL BENEVOLO
Beberibe,Porto da Madeira,AV BEBERIBE
Beberibe,Porto da Madeira,RUA BEBERIBE-RIO
Beberibe,Porto da Madeira,RUA DO ANIL
Beberibe,Porto da Madeira,RUA DONA VIRTUOSA DE LUCENA
Beberibe,Porto da Madeira,RUA MARAJO
Beberibe,Água Fria,AV ANIBAL BENEVOLO
Beberibe,Água Fria,AV BEBERIBE
Boa Viagem,Ibura,AV MARECHAL MASCARENHAS DE MORAES
Boa Viagem,Imbiribeira,AV DES JOSE NEVES
Boa Viagem,Imbiribeira,AV DOM JOAO VI
Boa Viagem,Imbiribeira,AV MARECHAL MASCARENHAS DE MORAES
Boa Viagem,Imbiribeira,AV SUL GOV. CID SAMPAIO
Boa Viagem,Imbiribeira,RUA ADAUTO CARNEIRO LEAL
Boa Viagem,Imbiribeira,RUA BARAO DE TEFE
Boa Viagem,Imbiribeira,RUA CAPITAO VICENTE DA MOTA
Boa Viagem,Imbiribeira,RUA DOS TIJOLOS
Boa Viagem,Imbiribeira,RUA DR LUIZ CORREA DE OLIVEIRA
Boa Viagem,Imbiribeira,RUA ELADIO RAMOS
Boa Viagem,Imbiribeira,RUA JORDAO-RIO
Boa Viagem,Jordão,AV MARECHAL MASCARENHAS DE MORAES
Boa Viagem,Jordão,RUA CANAL DO JORDAO
Boa Viagem,Pina,AV BOA VIAGEM
Boa Viagem,Pina,AV CONS AGUIAR
Boa Viagem,Pina,AV ENGENHEIRO DOMINGOS FERREIRA
Boa Viagem,Pina,RUA AMAZONAS
Boa Viagem,Pina,RUA DELEGADO TERCIO SOARES DE AQUINO
Boa Viagem,Pina,RUA JORDAO-RIO
Boa Viagem,Pina,RUA PINA-RIO
Boa Viagem,Pina,RUA PRAIA DE BOA VIAGEM
Boa Viagem,Pina,RUA TOME GIBSON
Boa Vista,Coelhos,RUA DO JASMIM
Boa Vista,Coelhos,RUA DOS COELHOS
Boa Vista,Coelhos,RUA DR JOSE MARIANO
Boa Vista,Coelhos,RUA JORNALISTA EDMUNDO BITTENCOURT
Boa Vista,Coelhos,RUA JOSE DE ALENCAR
Boa Vista,Derby,AV GOVERNADOR AGAMENON MAGALHAES
Boa Vista,Derby,RUA HENRIQUE DIAS
Boa Vista,Derby,RUA PAISSANDU
Boa Vista,Espinheiro,AV GOVERNADOR AGAMENON MAGALHAES
Boa Vista,Espinheiro,AV JOAO DE BARROS
Boa Vista,Graças,AV GOVERNADOR AGAMENON MAGALHAES
Boa Vista,Ilha do Leite,AV GOVERNADOR AGAMENON MAGALHAES
Boa Vista,Ilha do Leite,RUA GENERAL JOAQUIM INACIO
Boa Vista,Ilha do Leite,RUA JOSE DE ALENCAR
Boa Vista,Ilha do Leite,RUA MARQUES AMORIM
Boa Vista,Ilha do Leite,RUA VISCONDE DE GOIANA
Boa Vista,Paissandu,AV GOVERNADOR AGAMENON MAGALHAES
Boa Vista,Paissandu,AV LINS PETIT
Boa Vista,Paissandu,RUA GENERAL JOAQUIM INACIO
Boa Vista,Paissandu,RUA PAISSANDU
Boa Vista,Santo Amaro,AV GOVERNADOR AGAMENON MAGALHAES
Boa Vista,Santo Amaro,AV JOAO DE BARROS
Boa Vista,Santo Amaro,RUA BISPO CARDOSO AYRES
Boa Vista,Santo Amaro,RUA DA AURORA
Boa Vista,Santo Amaro,RUA DA SAUDADE
Boa Vista,Santo Amaro,RUA DA UNIAO
Boa Vista,Santo Amaro,RUA DO HOSPICIO
Boa Vista,Santo Amaro,RUA DO PRINCIPE
Boa Vista,Santo Amaro,RUA DO SOSSEGO
Boa Vista,Santo Amaro,RUA GERVASIO PIRES
Boa Vista,Santo Amaro,RUA PRINCESA ISABEL
Boa Vista,Santo Antônio,RUA DA AURORA
Boa Vista,Santo Antônio,RUA DR JOSE MARIANO
Boa Vista,Santo Antônio,RUA PRINCESA ISABEL
Boa Vista,Soledade,AV CONDE DA BOA VISTA
Boa Vista,Soledade,AV JOAO DE BARROS
Boa Vista,Soledade,AV MANOEL BORBA
Boa Vista,Soledade,RUA BARAO DE SAO BORJA
Boa Vista,Soledade,RUA BISPO CARDOSO AYRES
Boa Vista,Soledade,RUA CORREDOR DO BISPO
Boa Vista,Soledade,RUA DA SOLEDADE
Boa Vista,Soledade,RUA DAS NINFAS
Boa Vista,Soledade,RUA DO PRINCIPE
Boa Vista,Soledade,RUA DO PROGRESSO
Boa Vista,Soledade,RUA GERVASIO PIRES
Boa Vista,Soledade,RUA GONCALVES MAIA
Boa Vista,Soledade,RUA JOAO FERNANDES VIEIRA
Boa Vista,Soledade,RUA JOAQUIM FELIPE
Boa Vista,Soledade,RUA OSVALDO CRUZ
Bomba do Hemetério,Mangabeira,RUA DES HERACLITO CAVALCANTI
Bomba do Hemetério,Mangabeira,RUA JACOB
Bomba do Hemetério,Água Fria,3TR SAO SEBASTIAO
Bomba do Hemetério,Água Fria,COR PASTOR EV BENOBY CARVALHO DE SOUZA
Bomba do Hemetério,Água Fria,EST VELHA DE AGUA FRIA
Bomba do Hemetério,Água Fria,RUA ALINE
Bomba do Hemetério,Água Fria,RUA ANTONIO MEIRA
Bomba do Hemetério,Água Fria,RUA ARAPIXUNA
Bomba do Hemetério,Água Fria,RUA AVELAR
Bomba do Hemetério,Água Fria,RUA CONDE DE SABUGOSA
Bomba do Hemetério,Água Fria,RUA CORREGO JOAO FRANCISCO
Bomba do Hemetério,Água Fria,RUA RIOLANDIA
Bomba do Hemetério,Água Fria,RUA RUI FRAZAO
Bomba do Hemetério,Água Fria,RUA SAO JOSE DA COROA GRANDE
Bomba do Hemetério,Água Fria,RUA SAO RAFAEL
Bomba do Hemetério,Água Fria,RUA SAO SEBASTIAO
Bomba do Hemetério,Água Fria,RUA TAMBOARA
Bomba do Hemetério,Água Fria,RUA TURIUBA
Bomba do Hemetério,Água Fria,RUA VENUS
Bongi,Mustardinha,AV CONSUL VILARES FRAGOSO
Bongi,Mustardinha,AV MANOEL GONCALVES DA LUZ
Bongi,Mustardinha,RUA DR JOAO COSTA
Bongi,Mustardinha,RUA ITAPOLIS
Bongi,Mustardinha,RUA JOAO TRAJANO DA SILVA
Bongi,Mustardinha,RUA MAJOR MARIO PORTELA
Bongi,Mustardinha,RUA MARIA JOSE DE LIMA
Bongi,Mustardinha,RUA MOREIRA REIS
Bongi,Prado,AV ENGENHEIRO ABDIAS DE CARVALHO
Bongi,Prado,EST DO BONGI
Bongi,Prado,RUA CARLOS GOMES
Bongi,Prado,RUA DR SEVERINO JATOBA
Bongi,Prado,RUA JOAQUIM DA SILVA CALDAS
Bongi,Prado,RUA PADRE TEOFILO TWORZ
Bongi,Prado,RUA PROFESSOR MARIO RAMOS
Bongi,Prado,RUA RANDOLFO PINTO FERREIRA
Bongi,Prado,RUA SANTA EDWIRGES
Bongi,Prado,TRV ESTRADA DO BONGI
Bongi,San Martin,AV CONSUL VILARES FRAGOSO
Bongi,San Martin,AV ENGENHEIRO ABDIAS DE CARVALHO
Bongi,San Martin,RUA ACAJUTIBA
Bongi,San Martin,RUA DONA MARIA AUGUSTA NOGUEIRA
Bongi,San Martin,RUA ISAAC MARKMAN
Bongi,San Martin,RUA ITAPEMIRIM
Brasília Teimosa,Pina,RUA BACIA DO PINA
Brasília Teimosa,Pina,RUA COMENDADOR MORAES
Brasília Teimosa,Pina,RUA COPAIBA
Brasília Teimosa,Pina,RUA DELFIM
Brasília Teimosa,Pina,RUA DENTUDO
Brasília Teimosa,Pina,RUA FRANCISCO VALPASSOS
Brasília Teimosa,Pina,RUA ROBALO
Brasília Teimosa,Recife,DIQ DO RECIFE
Brasília Teimosa,Recife,RUA PRAIA DO PINA
Brasília Teimosa,São José,RUA BACIA DO PINA
Brejo da Guabiraba,Brejo de Beberibe,AV PRESIDENTE CAFE FILHO
Brejo da Guabiraba,Brejo de Beberibe,AV VEREADOR OTACILIO AZEVEDO
Brejo da Guabiraba,Brejo de Beberibe,RUA ALTO DO REFUGIO
Brejo da Guabiraba,Brejo de Beberibe,RUA FRANCISCO CAMARINO
Brejo da Guabiraba,Brejo de Beberibe,RUA MORNO-RIO
Brejo da Guabiraba,Brejo de Beberibe,RUA PORTELANDIA
Brejo da Guabiraba,Brejo de Beberibe,RUA SANTA TEREZA
Brejo da Guabiraba,Brejo de Beberibe,RUA TEOLANDIA
Brejo da Guabiraba,Córrego do Jenipapo,AV DA RECUPERACAO
Brejo da Guabiraba,Córrego do Jenipapo,ROD BR CENTO E UM
Brejo da Guabiraba,Córrego do Jenipapo,RUA ALTO DO RESERVATORIO
Brejo da Guabiraba,Córrego do Jenipapo,RUA ASSAITUBA
Brejo da Guabiraba,Córrego do Jenipapo,RUA CORREGO DA LOURA
Brejo da Guabiraba,Guabiraba,AV DA RECUPERACAO
Brejo da Guabiraba,Guabiraba,AV EMBAIXADOR ASSIS CHATEAUBRIAND
Brejo da Guabiraba,Guabiraba,ROD BR CENTO E UM
Brejo da Guabiraba,Guabiraba,RUA MORNO-RIO
Brejo da Guabiraba,Nova Descoberta,RUA ALTO DO REFUGIO
Brejo da Guabiraba,Nova Descoberta,RUA ALTO DO RESERVATORIO
Brejo da Guabiraba,Nova Descoberta,RUA PORTELANDIA
Brejo da Guabiraba,Nova Descoberta,RUA TEOLANDIA
Brejo da Guabiraba,Passarinho,AV DA RECUPERACAO
Brejo da Guabiraba,Passarinho,AV PRESIDENTE CAFE FILHO
Brejo da Guabiraba,Passarinho,ROD BR CENTO E UM
Brejo da Guabiraba,Passarinho,RUA MORNO-RIO
Brejo da Guabiraba,Passarinho,RUA N S DA PIEDADE
Brejo da Guabiraba,Passarinho,RUA SANTA TEREZA
Brejo de Beberibe,Dois Unidos,RUA DA PAZ
Brejo de Beberibe,Dois Unidos,RUA DR ANTONIO DA ROSA BORGES
Brejo de Beberibe,Dois Unidos,RUA IZALTINO LOBO
Brejo de Beberibe,Dois Unidos,RUA MORNO-RIO
Brejo de Beberibe,Dois Unidos,RUA TUPIRACABA
Brejo de Beberibe,Linha do Tiro,RUA IZALTINO LOBO
Brejo de Beberibe,Linha do Tiro,RUA MORNO-RIO
Brejo de Beberibe,Linha do Tiro,RUA URIEL DE HOLANDA
Brejo de Beberibe,Nova Descoberta,RUA ALTO DO REFUGIO
Brejo de Beberibe,Nova Descoberta,RUA CERRO AZUL
Brejo de Beberibe,Nova Descoberta,RUA NOVA DESCOBERTA
Brejo de Beberibe,Nova Descoberta,RUA PORTELANDIA
Brejo de Beberibe,Nova Descoberta,RUA TEOLANDIA
Brejo de Beberibe,Nova Descoberta,RUA URANDI
Brejo de Beberibe,Passarinho,AV CANAA
Brejo de Beberibe,Passarinho,AV PRESIDENTE CAFE FILHO
Brejo de Beberibe,Passarinho,AV TANCREDO NEVES
Brejo de Beberibe,Passarinho,RUA DA AMIZADE
Brejo de Beberibe,Passarinho,RUA DR ANTONIO DA ROSA BORGES
Brejo de Beberibe,Passarinho,RUA MORNO-RIO
Brejo de Beberibe,Passarinho,RUA SANTA TEREZA
Brejo de Beberibe,Passarinho,RUA SELMA
Brejo de Beberibe,Passarinho,RUA SO NOS DOIS
Brejo de Beberibe,Vasco da Gama,AV VEREADOR OTACILIO AZEVEDO
Brejo de Beberibe,Vasco da Gama,RUA GRIJALVA COSTA
Cabanga,Pina,RUA BACIA DO PINA
Cabanga,Pina,RUA PINA-RIO
Cabanga,São José,AV ENGENHEIRO JOSE ESTELITA
Cabanga,São José,AV SATURNINO DE BRITO
Cabanga,São José,AV SUL GOV. CID SAMPAIO
Cabanga,São José,RUA BACIA DO PINA
Cabanga,São José,RUA BOM SUCESSO
Cajueiro,Campina do Barreto,AV SEBASTIAO SALAZAR
Cajueiro,Campina do Barreto,RUA BEBERIBE-RIO
Cajueiro,Campina do Barreto,RUA CORONEL URBANO RIBEIRO DE SENA
Cajueiro,Campina do Barreto,RUA COUTO SOARES
Cajueiro,Campina do Barreto,RUA HERCILIA DE MEDEIROS
Cajueiro,Campina do Barreto,RUA MANOEL BRANDAO
Cajueiro,Campina do Barreto,RUA NADIA
Cajueiro,Fundão,AV BEBERIBE
Cajueiro,Fundão,AV NOVA DO FUNDAO
Cajueiro,Fundão,RUA CORONEL URBANO RIBEIRO DE SENA
Cajueiro,Porto da Madeira,AV BEBERIBE
Cajueiro,Porto da Madeira,AV SEBASTIAO SALAZAR
Cajueiro,Porto da Madeira,RUA ARAO BOTLER
Cajueiro,Porto da Madeira,RUA BEBERIBE-RIO
Cajueiro,Porto da Madeira,RUA BELO HORIZONTE
Cajueiro,Porto da Madeira,RUA DR ALBERTO WANDERLEY
Cajueiro,Porto da Madeira,RUA PARA
Campina do Barreto,Fundão,RUA CORONEL URBANO RIBEIRO DE SENA
Campina do Barreto,Peixinhos,AV POETA VINICIUS DE MORAIS
Campina do Barreto,Peixinhos,RUA BEBERIBE-RIO
Campina do Barreto,Peixinhos,RUA DR ELIAS GOMES
Campina do Barreto,Peixinhos,RUA EXP JAMIL DAGLI
Campina do Barreto,Peixinhos,RUA JORNALISTA PAULO MATOS
Campina do Barreto,Água Fria,RUA CONSTANCA
Campina do Barreto,Água Fria,RUA CORONEL URBANO RIBEIRO DE SENA
Campina do Barreto,Água Fria,RUA DAS MOCAS
Campina do Barreto,Água Fria,RUA EXP JAMIL DAGLI
Campina do Barreto,Água Fria,RUA MARCILIO DIAS
Campo Grande,Encruzilhada,EST DE BELEM
Campo Grande,Encruzilhada,RUA CRISTOVAO JAQUES
Campo Grande,Encruzilhada,RUA MARECHAL DEODORO
Campo Grande,Encruzilhada,RUA OTHON PARAISO
Campo Grande,Encruzilhada,RUA PROFESSOR JERONIMO GUEIROS
Campo Grande,Hipódromo,EST DE BELEM
Campo Grande,Hipódromo,RUA FRANCISCO BERENGUER
Campo Grande,Hipódromo,RUA MARQUES DE BAIPENDI
Campo Grande,Hipódromo,RUA MATEUS TARTARUGA
Campo Grande,Hipódromo,RUA PADRE VILLEMAIN
Campo Grande,Hipódromo,RUA PROFESSOR JERONIMO GUEIROS
Campo Grande,Hipódromo,RUA PRUDENTE DE MORAES
Campo Grande,Peixinhos,AV CORREIA DE BRITO
Campo Grande,Peixinhos,AV PROFESSOR JOSE DOS ANJOS
Campo Grande,Peixinhos,RUA BEBERIBE-RIO
Campo Grande,Ponto de Parada,AV PROFESSOR JOSE DOS ANJOS
Campo Grande,Ponto de Parada,RUA PETRONILA BOTELHO
Campo Grande,Ponto de Parada,RUA PROFESSOR JERONIMO GUEIROS
Campo Grande,Santo Amaro,AV GOVERNADOR AGAMENON MAGALHAES
Campo Grande,Santo Amaro,RUA PROJETADA
Campo Grande,Torreão,AV GOVERNADOR AGAMENON MAGALHAES
Campo Grande,Torreão,RUA DA FRONTEIRA
Campo Grande,Torreão,RUA DJALMA FARIAS
Campo Grande,Torreão,RUA DOM JOAO COSTA
Campo Grande,Torreão,RUA OTHON PARAISO
Casa Amarela,Casa Forte,EST DAS UBAIAS
Casa Amarela,Casa Forte,EST DO ENCANAMENTO
Casa Amarela,Casa Forte,RUA DA HARMONIA
Casa Amarela,Casa Forte,RUA JOAO BARBALHO
Casa Amarela,Mangabeira,AV NORTE MIGUEL ARRAES DE ALENCAR
Casa Amarela,Mangabeira,AV PROFESSOR JOSE DOS ANJOS
Casa Amarela,Monteiro,AV DR EURICO CHAVES
Casa Amarela,Monteiro,EST DO ARRAIAL
Casa Amarela,Monteiro,EST DO ENCANAMENTO
Casa Amarela,Monteiro,RUA DUAS BARRAS
Casa Amarela,Monteiro,RUA EUCLIDES FRAZAO
Casa Amarela,Monteiro,RUA GUERRA DE HOLANDA
Casa Amarela,Monteiro,RUA IGUATAMA
Casa Amarela,Monteiro,RUA MARACA
Casa Amarela,Monteiro,RUA PIRACANJUBA
Casa Amarela,Monteiro,RUA SANTA IZABEL
Casa Amarela,Morro da Conceição,AV NORTE MIGUEL ARRAES DE ALENCAR
Casa Amarela,Morro da Conceição,LGO DOM LUIZ
Casa Amarela,Morro da Conceição,RUA BUGARI
Casa Amarela,Morro da Conceição,RUA GUAICARA
Casa Amarela,Morro da Conceição,RUA JOAQUIM TEIXEIRA
Casa Amarela,Nova Descoberta,AV NORTE MIGUEL ARRAES DE ALENCAR
Casa Amarela,Parnamirim,EST DO ENCANAMENTO
Casa Amarela,Parnamirim,RUA DA ESTRELA
Casa Amarela,Parnamirim,RUA DA HARMONIA
Casa Amarela,Parnamirim,RUA DES GOIS CAVALCANTE
Casa Amarela,Parnamirim,RUA FERREIRA LOPES
Casa Amarela,Tamarineira,AV NORTE MIGUEL ARRAES DE ALENCAR
Casa Amarela,Tamarineira,AV PROFESSOR JOSE DOS ANJOS
Casa Amarela,Tamarineira,EST DO ARRAIAL
Casa Amarela,Tamarineira,RUA DES GOIS CAVALCANTE
Casa Amarela,Tamarineira,RUA GUIMARAES PEIXOTO
Casa Amarela,Vasco da Gama,AV NORTE MIGUEL ARRAES DE ALENCAR
Casa Amarela,Vasco da Gama,LGO DOM LUIZ
Casa Forte,Parnamirim,AV DEZESSETE DE AGOSTO
Casa Forte,Parnamirim,EST DO ENCANAMENTO
Casa Forte,Parnamirim,RUA ALFREDO FERNANDES
Casa Forte,Parnamirim,RUA DA HARMONIA
Casa Forte,Parnamirim,RUA DONA RITA DE SOUZA
Casa Forte,Parnamirim,RUA DR SAMUEL LINS
Casa Forte,Parnamirim,RUA FLAMENGO
Casa Forte,Parnamirim,RUA LEMOS TORRES
Casa Forte,Santana,AV DEZESSETE DE AGOSTO
Caxangá,Dois Irmãos,AV DA RECUPERACAO
Caxangá,Dois Irmãos,RUA CAMBOA-RIACHO
Caxangá,Iputinga,AV CAXANGA
Caxangá,Iputinga,RUA CAPIBARIBE-RIO
Caxangá,Iputinga,RUA MINISTRO JOAO ALBERTO
Caxangá,Várzea,AV CAXANGA
Caxangá,Várzea,AV JOAQUIM RIBEIRO
Caxangá,Várzea,RUA BELMINO CORREIA
Caxangá,Várzea,RUA CAPIBARIBE-RIO
Caçote,Ibura,AV RECIFE
Caçote,Ibura,RUA TEJIPIO-RIO
Caçote,Ipsep,AV RECIFE
Caçote,Ipsep,RUA TEJIPIO-RIO
Cidade Universitária,Curado,AV PROFESSOR LUIZ FREIRE
Cidade Universitária,Curado,AV VISCONDE DE SAO LEOPOLDO
Cidade Universitária,Curado,ROD BR CENTO E UM
Cidade Universitária,Engenho do Meio,AV VISCONDE DE SAO LEOPOLDO
Cidade Universitária,Engenho do Meio,RUA COSTA SEPULVEDA
Cidade Universitária,Engenho do Meio,RUA GENERAL VARGAS
Cidade Universitária,Engenho do Meio,RUA GOVERNADOR LOPO GARRO
Cidade Universitária,Engenho do Meio,RUA LINDOLFO COLLOR
Cidade Universitária,Iputinga,AV PROFESSOR MORAES REGO
Cidade Universitária,Iputinga,ROD BR CENTO E UM
Cidade Universitária,Iputinga,RUA GENERAL VARGAS
Cidade Universitária,Iputinga,RUA MAURICEIA
Cidade Universitária,Várzea,AV PROFESSOR ARTUR DE SA
Cidade Universitária,Várzea,AV PROFESSOR MORAES REGO
Cidade Universitária,Várzea,ROD BR CENTO E UM
Cidade Universitária,Várzea,RUA ACADEMICO HELIO RAMOS
Cidade Universitária,Várzea,RUA BARAO DE MAMORE
Cidade Universitária,Várzea,RUA BELEM DE SAO FRANCISCO
Cidade Universitária,Várzea,RUA EDUARDO DUBEUX
Cidade Universitária,Várzea,RUA ISAAC BURIL
Cidade Universitária,Várzea,RUA MARIO CAMPELO
Coelhos,Ilha Joana Bezerra,RUA CAPIBARIBE-RIO
Coelhos,Ilha do Leite,PRC MIGUEL DE CERVANTES
Coelhos,Ilha do Leite,RUA CAPIBARIBE-RIO
Coelhos,Ilha do Leite,RUA FRANCISCO ALVES
Coelhos,Ilha do Leite,RUA JOSE DE ALENCAR
Coelhos,Ilha do Leite,RUA PREFEITO JORGE MARTINS
Coelhos,Santo Antônio,RUA CAPIBARIBE-RIO
Coelhos,Santo Antônio,RUA DR JOSE MARIANO
Coelhos,São José,RUA CAPIBARIBE-RIO
Coqueiral,Sancho,RUA PAULINO DE FARIAS
Coqueiral,Tejipió,AV CENTRAL
Coqueiral,Tejipió,RUA ALCANTARA
Coqueiral,Tejipió,RUA FALCAO DE LACERDA
Coqueiral,Tejipió,RUA GUANABARA
Coqueiral,Tejipió,RUA LOURENCO BEZERRA
Coqueiral,Tejipió,RUA TEJIPIO-RIO
Coqueiral,Tejipió,RUA TUTOIA
Coqueiral,Totó,RUA ANANIAS CATANHO
Coqueiral,Totó,RUA DA ENCOSTA
Coqueiral,Totó,RUA ESCADA
Coqueiral,Totó,RUA LIMITE DE MUNICIPIO
Coqueiral,Totó,RUA MARACAI
Coqueiral,Totó,RUA PAULINO DE FARIAS
Cordeiro,Engenho do Meio,RUA BOM PASTOR
Cordeiro,Engenho do Meio,RUA DR MIGUEL VIEIRA FERREIRA
Cordeiro,Iputinga,AV CAMARAO
Cordeiro,Iputinga,AV CAXANGA
Cordeiro,Iputinga,AV MARIO ALVARES PEREIRA DE LYRA
Cordeiro,Iputinga,AV MAURICIO DE NASSAU
Cordeiro,Iputinga,RUA AMBROSIO MACHADO
Cordeiro,Iputinga,RUA BOM PASTOR
Cordeiro,Iputinga,RUA CAPIBARIBE-RIO
Cordeiro,Iputinga,RUA CONS SILVEIRA DE SOUZA
Cordeiro,Iputinga,RUA CORONEL FERNANDO FURTADO
Cordeiro,Iputinga,RUA DR GASTAO DA SILVEIRA
Cordeiro,Iputinga,RUA JOAO ROZENDO
Cordeiro,Iputinga,RUA N S DA SAUDE
Cordeiro,Prado,AV ENGENHEIRO ABDIAS DE CARVALHO
Cordeiro,Prado,AV GENERAL SAN MARTIN
Cordeiro,Prado,RUA GOMES TABORDA
Cordeiro,San Martin,AV ENGENHEIRO ABDIAS DE CARVALHO
Cordeiro,San Martin,AV GENERAL SAN MARTIN
Cordeiro,Santana,RUA CAPIBARIBE-RIO
Cordeiro,Torre,RUA CAPIBARIBE-RIO
Cordeiro,Torre,RUA REPUBLICA DA ARGELIA ( CICLOVIA )
Cordeiro,Torre,RUA SOUZA BANDEIRA
Cordeiro,Torrões,1TR SITIO DAS PALMEIRAS
Cordeiro,Torrões,AV ENGENHEIRO ABDIAS DE CARVALHO
Cordeiro,Torrões,AV INACIO MONTEIRO
Cordeiro,Torrões,EST DO FORTE DO ARRAIAL N. DO B. JESUS
Cordeiro,Torrões,RUA ANTONIO CARLOS
Cordeiro,Torrões,RUA ANTONIO VALDEVINO COSTA
Cordeiro,Torrões,RUA DANIEL LISBOA
Cordeiro,Torrões,RUA DEZESSEIS DE OUTUBRO
Cordeiro,Torrões,RUA DR MIGUEL VIEIRA FERREIRA
Cordeiro,Torrões,RUA FELIXLANDIA
Cordeiro,Torrões,RUA IJUI
Cordeiro,Torrões,RUA MANOEL GONCALVES DE OLIVEIRA
Cordeiro,Torrões,RUA MARAVILHA
Cordeiro,Torrões,RUA OCIDENTAL
Cordeiro,Torrões,RUA ONZE DE FEVEREIRO
Cordeiro,Torrões,RUA RIO GRANDE DO NORTE
Cordeiro,Zumbi,AV CAXANGA
Cordeiro,Zumbi,RUA GOMES TABORDA
Cordeiro,Zumbi,RUA GREGORIO JUNIOR
Cordeiro,Zumbi,RUA PADRE LEONARDO GRECO
Cordeiro,Zumbi,RUA RIBEIRO ROMA
Cordeiro,Zumbi,RUA SOUZA BANDEIRA
Cordeiro,Zumbi,RUA TOMAZ GONZAGA
Curado,Engenho do Meio,AV RECIFE
Curado,Engenho do Meio,AV VISCONDE DE SAO LEOPOLDO
Curado,Jardim São Paulo,AV CENTRAL
Curado,Jardim São Paulo,AV LIBERDADE
Curado,Jardim São Paulo,AV PIRACICABA
Curado,Jardim São Paulo,AV RECIFE
Curado,Jardim São Paulo,EST DO CURADO
Curado,Jardim São Paulo,ROD BR CENTO E UM
Curado,Jardim São Paulo,RUA AGOSTINHO BARBALHO
Curado,Jardim São Paulo,RUA CORONEL FERNANDO MACHADO
Curado,Jardim São Paulo,RUA EUZEBIO DE MATOS
Curado,Jardim São Paulo,RUA GASTAO DE CARVALHO
Curado,Jardim São Paulo,RUA JOSE TAVARES DE HOLANDA
Curado,Jardim São Paulo,RUA JUNDIAI
Curado,Jardim São Paulo,RUA RAPHAEL DE OLIVEIRA ALVES
Curado,Jardim São Paulo,RUA S D 5513
Curado,Jardim São Paulo,RUA S D 5519
Curado,San Martin,AV RECIFE
Curado,San Martin,RUA CORONEL MIZAEL DE MENDONCA
Curado,San Martin,RUA DR FLAVIO FERREIRA DA SILVA MAROJO
Curado,San Martin,RUA VINTE E UM DE ABRIL
Curado,Sancho,AV LIBERDADE
Curado,Tejipió,AV CENTRAL
Curado,Tejipió,AV LIBERDADE
Curado,Tejipió,ROD BR CENTO E UM
Curado,Tejipió,RUA TEJIPIO-RIO
Curado,Torrões,1TR ENGENHEIRO ABDIAS DE CARVALHO
Curado,Torrões,AV RECIFE
Curado,Torrões,RUA DR FLAVIO FERREIRA DA SILVA MAROJO
Curado,Torrões,RUA VINTE E UM DE ABRIL
Curado,Torrões,VDO ALCA DO COMPLEXO CEASA
Curado,Totó,AV LIBERDADE
Curado,Totó,RUA GARCIA
Curado,Totó,RUA ONZE DE AGOSTO
Curado,Totó,RUA UTINGA
Curado,Totó,TRV GARCIA
Curado,Várzea,AV CENTRAL
Curado,Várzea,ROD BR CENTO E UM
Curado,Várzea,RUA HISTORIADOR LUIZ DO NASCIMENTO
Curado,Várzea,RUA TEJIPIO-RIO
Curado,Várzea,TRV FRANCISCO RODRIGUES LOBO
Córrego do Jenipapo,Dois Irmãos,AV DA RECUPERACAO
Córrego do Jenipapo,Dois Irmãos,ROD BR CENTO E UM
Córrego do Jenipapo,Guabiraba,AV DA RECUPERACAO
Córrego do Jenipapo,Guabiraba,ROD BR CENTO E UM
Córrego do Jenipapo,Macaxeira,AV NORTE MIGUEL ARRAES DE ALENCAR
Córrego do Jenipapo,Macaxeira,RUA ALTO DO FORMOSO
Córrego do Jenipapo,Macaxeira,RUA ALTO SANTA LUZIA
Córrego do Jenipapo,Macaxeira,RUA ERUNDINA NEGREIROS DE ARAUJO
Córrego do Jenipapo,Macaxeira,RUA TRAJANO DE MORAIS
Córrego do Jenipapo,Nova Descoberta,AV NORTE MIGUEL ARRAES DE ALENCAR
Córrego do Jenipapo,Nova Descoberta,RUA ALTO DO RESERVATORIO
Córrego do Jenipapo,Nova Descoberta,RUA ALTO SANTA LUZIA
Derby,Graças,AV BEIRA RIO
Derby,Graças,AV GOVERNADOR AGAMENON MAGALHAES
Derby,Graças,RUA CAPIBARIBE-RIO
Derby,Graças,RUA GUILHERME PINTO
Derby,Graças,RUA JOAQUIM NABUCO
Derby,Ilha do Retiro,AV BEIRA RIO
Derby,Ilha do Retiro,RUA CAPIBARIBE-RIO
Derby,Madalena,AV BEIRA RIO
Derby,Madalena,RUA CAPIBARIBE-RIO
Derby,Paissandu,AV GOVERNADOR AGAMENON MAGALHAES
Derby,Paissandu,RUA CAPIBARIBE-RIO
Derby,Paissandu,RUA PAISSANDU
Derby,Paissandu,RUA VIS DO LIVRAMENTO
Dois Irmãos,Guabiraba,AV DA RECUPERACAO
Dois Irmãos,Guabiraba,EST DOS MACACOS
Dois Irmãos,Guabiraba,ROD BR CENTO E UM
Dois Irmãos,Guabiraba,RUA LIMITE DE MUNICIPIO
Dois Unidos,Linha do Tiro,AV HILDEBRANDO DE VASCONCELOS
Dois Unidos,Linha do Tiro,AV RIO MORNO
Dois Unidos,Linha do Tiro,RUA ELADIO CAMBOIM
Dois Unidos,Linha do Tiro,RUA GUARAJA
Dois Unidos,Linha do Tiro,RUA IZALTINO LOBO
Dois Unidos,Linha do Tiro,RUA MORNO-RIO
Dois Unidos,Linha do Tiro,RUA RIO TINTO
Dois Unidos,Passarinho,AV CHAGAS FERREIRA
Dois Unidos,Passarinho,AV HILDEBRANDO DE VASCONCELOS
Dois Unidos,Passarinho,RUA BEBERIBE-RIO
Dois Unidos,Passarinho,RUA COMPOSITOR RAUL VALENCA
Dois Unidos,Passarinho,RUA CORONEL PILAR
Dois Unidos,Passarinho,RUA DO AGAVE
Dois Unidos,Passarinho,RUA DR ANTONIO DA ROSA BORGES
Dois Unidos,Passarinho,RUA ENGENHEIRO CELIO DE CARLI
Dois Unidos,Passarinho,RUA MORNO-RIO
Dois Unidos,Passarinho,RUA VALE FUNDO
Encruzilhada,Espinheiro,AV JOAO DE BARROS
Encruzilhada,Espinheiro,AV NORTE MIGUEL ARRAES DE ALENCAR
Encruzilhada,Espinheiro,RUA CONS PORTELA
Encruzilhada,Espinheiro,RUA QUARENTA E OITO
Encruzilhada,Graças,AV SANTOS DUMONT
Encruzilhada,Graças,RUA CONS PORTELA
Encruzilhada,Graças,RUA TELES JUNIOR
Encruzilhada,Hipódromo,EST DE BELEM
Encruzilhada,Hipódromo,RUA COSTA PINTO
Encruzilhada,Hipódromo,RUA DONA ELVIRA
Encruzilhada,Hipódromo,RUA FREDERICO
Encruzilhada,Hipódromo,RUA PROFESSOR JERONIMO GUEIROS
Encruzilhada,Hipódromo,RUA PROFESSOR MIRANDA CURIO
Encruzilhada,Ponto de Parada,AV BEBERIBE
Encruzilhada,Ponto de Parada,AV SANTOS DUMONT
Encruzilhada,Ponto de Parada,RUA COSTA PINTO
Encruzilhada,Ponto de Parada,RUA DEPUTADO PEDRO VELHO
Encruzilhada,Ponto de Parada,RUA MEM DE SA
Encruzilhada,Ponto de Parada,RUA PROFESSOR JERONIMO GUEIROS
Encruzilhada,Ponto de Parada,RUA SALVADOR DE SA
Encruzilhada,Rosarinho,AV NORTE MIGUEL ARRAES DE ALENCAR
Encruzilhada,Rosarinho,AV SANTOS DUMONT
Encruzilhada,Rosarinho,RUA AMARO COUTINHO
Encruzilhada,Rosarinho,RUA CAIO PEREIRA
Encruzilhada,Rosarinho,RUA DR JOSE MARIA
Encruzilhada,Rosarinho,RUA SALVADOR DE SA
Encruzilhada,Rosarinho,RUA TELES JUNIOR
Encruzilhada,Torreão,AV NORTE MIGUEL ARRAES DE ALENCAR
Encruzilhada,Torreão,RUA AUGUSTO RODRIGUES
Encruzilhada,Torreão,RUA NATIVIDADE SALDANHA
Encruzilhada,Torreão,RUA OTHON PARAISO
Encruzilhada,Torreão,RUA PADRE MIGUELINHO
Engenho do Meio,Iputinga,AV MUCIO UCHOA CAVALCANTI
Engenho do Meio,Iputinga,RUA BOM PASTOR
Engenho do Meio,Iputinga,RUA GENERAL VARGAS
Engenho do Meio,Torrões,AV RECIFE
Engenho do Meio,Torrões,RUA CARNEIRO DE MARIZ
Engenho do Meio,Torrões,RUA DR MIGUEL VIEIRA FERREIRA
Engenho do Meio,Torrões,RUA POCAO
Engenho do Meio,Torrões,TRV WASHINGTON DUARTE ESPINDOLA
Espinheiro,Graças,AV CONSELHEIRO ROSA E SILVA
Espinheiro,Graças,AV GOVERNADOR AGAMENON MAGALHAES
Espinheiro,Graças,RUA AMELIA
Espinheiro,Graças,RUA CONS PORTELA
Espinheiro,Graças,RUA DA HORA
Espinheiro,Graças,RUA DO ESPINHEIRO
Espinheiro,Graças,RUA SANTO ELIAS
Espinheiro,Graças,RUA SAO SALVADOR
Espinheiro,Santo Amaro,AV GOVERNADOR AGAMENON MAGALHAES
Espinheiro,Santo Amaro,AV JOAO DE BARROS
Espinheiro,Santo Amaro,AV NORTE MIGUEL ARRAES DE ALENCAR
Espinheiro,Torreão,AV GOVERNADOR AGAMENON MAGALHAES
Espinheiro,Torreão,AV NORTE MIGUEL ARRAES DE ALENCAR
Estância,Jardim São Paulo,AV CENTRAL
Estância,Jardim São Paulo,AV RECIFE
Estância,Jardim São Paulo,RUA ALFREDO VIEIRA DE MELO
Estância,Jardim São Paulo,RUA DR GUSTAVO PINTO
Estância,Jardim São Paulo,RUA JIQUIA-RIO
Estância,Jardim São Paulo,RUA N S DE FATIMA
Estância,Jardim São Paulo,RUA SENADOR ALBERTO PASQUALINI
Estância,Jiquiá,1TR PRINCIPE DA BEIRA
Estância,Jiquiá,AV CENTRAL
Estância,Jiquiá,AV DR JOSE RUFINO
Estância,Jiquiá,AV JOAO CABRAL DE M. NETO
Estância,Jiquiá,AV TAPAJOS
Estância,Jiquiá,RUA ANDRE VIEIRA DE MELO
Estância,Jiquiá,RUA BOTUVERA
Estância,Jiquiá,RUA CASSIANO
Estância,Jiquiá,RUA JIQUIA-RIO
Estância,Jiquiá,RUA JOAO TEIXEIRA
Estância,Jiquiá,RUA PROFESSOR CALDAS FILHO
Estância,Jiquiá,RUA TUPARETAMA
Estância,San Martin,AV RECIFE
Estância,San Martin,RUA JIQUIA-RIO
Fundão,Porto da Madeira,AV ANIBAL BENEVOLO
Fundão,Porto da Madeira,AV BEBERIBE
Fundão,Porto da Madeira,RUA ALTO DO BENJAMIM
Fundão,Porto da Madeira,RUA CONS BARROS BARRETO
Fundão,Água Fria,AV ANIBAL BENEVOLO
Fundão,Água Fria,AV BEBERIBE
Fundão,Água Fria,RUA ALTO BONITO
Fundão,Água Fria,RUA CONS BARROS BARRETO
Fundão,Água Fria,RUA CONTENDAS
Fundão,Água Fria,RUA CORONEL URBANO RIBEIRO DE SENA
Fundão,Água Fria,RUA DO MACHADO
Fundão,Água Fria,RUA DR PEREIRA DA SILVA
Fundão,Água Fria,RUA JORNALISTA JOSE CAMPELO JUNIOR
Fundão,Água Fria,RUA MANOEL SILVA
Fundão,Água Fria,RUA SAO JOAQUIM DO MONTE
Fundão,Água Fria,RUA SAO SEBASTIAO
Fundão,Água Fria,RUA VIOLETA
Graças,Jaqueira,AV CONSELHEIRO ROSA E SILVA
Graças,Jaqueira,AV RUI BARBOSA
Graças,Jaqueira,RUA ANTENOR NAVARRO
Graças,Jaqueira,RUA ANTONIO CELSO UCHOA CAVALCANTI
Graças,Jaqueira,RUA CAPIBARIBE-RIO
Graças,Jaqueira,RUA DEPUTADO PEDRO PIRES FERREIRA
Graças,Jaqueira,RUA DO FUTURO
Graças,Madalena,AV BEIRA RIO
Graças,Madalena,RUA CAPIBARIBE-RIO
Graças,Rosarinho,AV SANTOS DUMONT
Graças,Rosarinho,RUA CAPITAO SAMPAIO XAVIER
Graças,Rosarinho,RUA DES MARTINS PEREIRA
Graças,Rosarinho,RUA TELES JUNIOR
Graças,Tamarineira,AV CONSELHEIRO ROSA E SILVA
Graças,Tamarineira,RUA CAPITAO SAMPAIO XAVIER
Graças,Tamarineira,RUA DO FUTURO
Graças,Tamarineira,RUA RICARDO HARDMAN
Graças,Torre,AV BEIRA RIO
Graças,Torre,RUA CAPIBARIBE-RIO
Guabiraba,Passarinho,AV DA RECUPERACAO
Guabiraba,Passarinho,ROD BR CENTO E UM
Guabiraba,Passarinho,RUA LIMITE DE MUNICIPIO
Guabiraba,Passarinho,RUA MORNO-RIO
Guabiraba,Passarinho,RUA PROJETADA
Hipódromo,Ponto de Parada,RUA COSTA PINTO
Hipódromo,Ponto de Parada,RUA PROFESSOR JERONIMO GUEIROS
Ibura,Imbiribeira,AV MARECHAL MASCARENHAS DE MORAES
Ibura,Imbiribeira,AV PRESIDENTE DUTRA
Ibura,Imbiribeira,RUA GONCALVES DE MAGALHAES
Ibura,Imbiribeira,RUA TEJIPIO-RIO
Ibura,Ipsep,AV RECIFE
Ibura,Ipsep,RUA TEJIPIO-RIO
Ibura,Jordão,1TR JOSE MARTORANO
Ibura,Jordão,AV CENTENARIO ALBERTO SANTOS DUMONT
Ibura,Jordão,AV MARECHAL MASCARENHAS DE MORAES
Ibura,Jordão,AV MARIA IRENE
Ibura,Jordão,ROD BR CENTO E UM
Ibura,Jordão,RUA ASSIS BRASIL
Ibura,Jordão,RUA BARRA DOS COQUEIROS
Ibura,Jordão,RUA BOQUIRA
Ibura,Jordão,RUA CAFARNAUM
Ibura,Jordão,RUA CAMOCIM
Ibura,Jordão,RUA CAMPO DO JORDAO
Ibura,Jordão,RUA CAMPOS DO JORDAO
Ibura,Jordão,RUA CATOLE DO ROCHA
Ibura,Jordão,RUA ELESBAO VELOSO
Ibura,Jordão,RUA FERNANDES BELO
Ibura,Jordão,RUA FRANCISCO BELTRAO
Ibura,Jordão,RUA JOSE MARTORANO
Ibura,Jordão,RUA VINTE E DOIS DE AGOSTO
Ibura,Jordão,TRV BARRA DOS COQUEIROS
Ilha Joana Bezerra,Ilha do Leite,RUA CAPIBARIBE-RIO
Ilha Joana Bezerra,Ilha do Retiro,AV BEIRA RIO
Ilha Joana Bezerra,Ilha do Retiro,RUA CAPIBARIBE-RIO
Ilha Joana Bezerra,Paissandu,RUA CAPIBARIBE-RIO
Ilha Joana Bezerra,São José,AV CENTRAL
Ilha Joana Bezerra,São José,AV RIO CAPIBARIBE
Ilha Joana Bezerra,São José,RUA CABO EUTROPIO
Ilha Joana Bezerra,São José,RUA CAPIBARIBE-RIO
Ilha do Leite,Paissandu,AV GOVERNADOR AGAMENON MAGALHAES
Ilha do Leite,Paissandu,RUA CAPIBARIBE-RIO
Ilha do Leite,Paissandu,RUA DR JOAO ASFORA
Ilha do Leite,Paissandu,RUA ESTADO DE ISRAEL
Ilha do Leite,Paissandu,RUA FREI MATIAS TEVIS
Ilha do Leite,Paissandu,RUA GENERAL JOAQUIM INACIO
Ilha do Leite,Paissandu,RUA PREFEITO JORGE MARTINS
Ilha do Retiro,Madalena,AV BEIRA RIO
Ilha do Retiro,Madalena,AV ENGENHEIRO ABDIAS DE CARVALHO
Ilha do Retiro,Madalena,AV SPORT CLUBE DO RECIFE
Ilha do Retiro,Madalena,EST DOS REMEDIOS
Ilha do Retiro,Madalena,PRC DA BANDEIRA
Ilha do Retiro,Madalena,RUA CAPIBARIBE-RIO
Ilha do Retiro,Madalena,RUA COMENDADOR BENTO AGUIAR
Ilha do Retiro,Madalena,RUA JOAO IVO DA SILVA
Ilha do Retiro,Madalena,RUA SENADOR FABIO DE BARROS
Ilha do Retiro,Paissandu,RUA CAPIBARIBE-RIO
Ilha do Retiro,Prado,AV ENGENHEIRO ABDIAS DE CARVALHO
Ilha do Retiro,Prado,RUA JOAO IVO DA SILVA
Ilha do Retiro,Prado,RUA PADRE TEOFILO TWORZ
Imbiribeira,Ipsep,AV SENADOR ROBERT KENNEDY
Imbiribeira,Ipsep,RUA JEAN EMILE FAVRE
Imbiribeira,Ipsep,RUA JOSE FERNANDES PORTUGAL
Imbiribeira,Ipsep,RUA POTENGY
Imbiribeira,Ipsep,RUA RIO BEBERIBE
Imbiribeira,Ipsep,RUA RIO OCEANICO
Imbiribeira,Ipsep,RUA TEJIPIO-RIO
Imbiribeira,Jiquiá,RUA TEJIPIO-RIO
Imbiribeira,Pina,RUA JORDAO-RIO
Imbiribeira,Pina,RUA SAO JOSE
Iputinga,Monteiro,RUA CAPIBARIBE-RIO
Iputinga,Várzea,AV CAXANGA
Iputinga,Várzea,AV PROFESSOR MORAES REGO
Iputinga,Várzea,ROD BR CENTO E UM
Iputinga,Várzea,RUA CAPIBARIBE-RIO
Iputinga,Várzea,RUA EMILIANO BRAGA
Iputinga,Várzea,RUA JOAO SALES MENEZES
Jaqueira,Parnamirim,RUA LEONARDO BEZERRA CAVALCANTI
Jaqueira,Parnamirim,RUA MUNIZ TAVARES
Jaqueira,Parnamirim,RUA PADRE ROMA
Jaqueira,Santana,RUA CAPIBARIBE-RIO
Jaqueira,Santana,RUA LEONARDO BEZERRA CAVALCANTI
Jaqueira,Tamarineira,AV CONSELHEIRO ROSA E SILVA
Jaqueira,Tamarineira,RUA DO FUTURO
Jaqueira,Tamarineira,RUA PADRE ROMA
Jaqueira,Tamarineira,RUA SIMAO MENDES
Jaqueira,Torre,RUA CAPIBARIBE-RIO
Jardim São Paulo,Jiquiá,AV CENTRAL
Jardim São Paulo,Jiquiá,RUA JIQUIA-RIO
Jardim São Paulo,San Martin,AV RECIFE
Jardim São Paulo,San Martin,RUA JIQUIA-RIO
Jardim São Paulo,Tejipió,AV CENTRAL
Jardim São Paulo,Tejipió,AV LIBERDADE
Jardim São Paulo,Tejipió,ROD BR CENTO E UM
Jardim São Paulo,Tejipió,RUA IRAGUACU
Jiquiá,Mangueira,AV CENTRAL
Jiquiá,Mangueira,RUA BOM JARDIM
Jiquiá,San Martin,RUA BOM JARDIM
Jiquiá,San Martin,RUA CORDELIA GOIS SILVA
Jiquiá,San Martin,RUA JIQUIA-RIO
Jiquiá,San Martin,RUA PEDRO BOULITREAU
Jiquiá,San Martin,RUA TENENTE MINDELO
Jiquiá,San Martin,TRV PEDRO BOULITREAU
Linha do Tiro,Água Fria,AV ANIBAL BENEVOLO
Macaxeira,Nova Descoberta,AV NORTE MIGUEL ARRAES DE ALENCAR
Macaxeira,Nova Descoberta,RUA ALTO ANTONIO FELIX
Macaxeira,Nova Descoberta,RUA ALTO JARDIM PROGRESSO
Macaxeira,Nova Descoberta,RUA ALTO SANTA LUZIA
Macaxeira,Nova Descoberta,RUA ANTONIO CARNEIRO
Macaxeira,Nova Descoberta,RUA BUJARU
Macaxeira,Nova Descoberta,RUA BURITIRANO
Macaxeira,Nova Descoberta,RUA CARLOS MARIGHELLA
Macaxeira,Nova Descoberta,RUA CARNAIBA
Macaxeira,Nova Descoberta,RUA CORREGO DA AREIA
Macaxeira,Nova Descoberta,RUA FRANCISCO PASSOS
Macaxeira,Nova Descoberta,RUA JOSE CARLOS NOVAES DA MATA MACHADO
Macaxeira,Nova Descoberta,RUA JUREMAL
Macaxeira,Nova Descoberta,RUA LUIZA DA COSTA MELO
Macaxeira,Nova Descoberta,RUA NAGE
Macaxeira,Nova Descoberta,RUA S D 3014
Macaxeira,Nova Descoberta,RUA SAO JOAO EUDES
Macaxeira,Nova Descoberta,TRV JOSE CARLOS N. DA MATA MACHADO
Madalena,Paissandu,RUA CAPIBARIBE-RIO
Madalena,Prado,AV ENGENHEIRO ABDIAS DE CARVALHO
Madalena,Prado,PRC NA RUA JOAO CRESCENCIO
Madalena,Prado,RUA ANTONIO DE SA
Madalena,Prado,RUA CARATINGA
Madalena,Prado,RUA CARLOS GOMES
Madalena,Prado,RUA DELFINOPOLIS
Madalena,Prado,RUA JOAO IVO DA SILVA
Madalena,Prado,RUA MANICORE
Madalena,Prado,RUA PROFESSOR LINS E SILVA
Madalena,Prado,RUA QUATRO DE OUTUBRO
Madalena,Prado,RUA RICARDO SALAZAR
Madalena,Prado,RUA VIRGINIO CAMPELLO
Madalena,Torre,AV BEIRA RIO
Madalena,Torre,RUA CAPIBARIBE-RIO
Madalena,Torre,RUA DAVINO PONTUAL
Madalena,Torre,RUA DOM MANOEL DA COSTA
Madalena,Torre,RUA JOSE BONIFACIO
Madalena,Torre,RUA PADRE ANCHIETA
Madalena,Torre,RUA PADRE LANDIM
Madalena,Torre,RUA PIO IX
Madalena,Torre,RUA REAL DA TORRE
Madalena,Zumbi,AV CAXANGA
Madalena,Zumbi,RUA CARATINGA
Madalena,Zumbi,RUA DOM MANOEL DA COSTA
Madalena,Zumbi,RUA JOAO DA MATA
Madalena,Zumbi,RUA VISCONDE DO URUGUAI
Mangabeira,Tamarineira,AV NORTE MIGUEL ARRAES DE ALENCAR
Mangabeira,Tamarineira,AV PROFESSOR JOSE DOS ANJOS
Mangueira,Mustardinha,RUA VINTE E UM DE ABRIL
Mangueira,San Martin,RUA BOM JARDIM
Mangueira,San Martin,RUA TANGUARA
Mangueira,San Martin,RUA VINTE E UM DE ABRIL
Morro da Conceição,Vasco da Gama,AV NORTE MIGUEL ARRAES DE ALENCAR
Morro da Conceição,Vasco da Gama,LGO DOM LUIZ
Morro da Conceição,Vasco da Gama,RUA CORREGO DO OURO
Morro da Conceição,Vasco da Gama,RUA DOIS DE FEVEREIRO
Morro da Conceição,Vasco da Gama,RUA ITAGUATIARA
Mustardinha,San Martin,AV CONSUL VILARES FRAGOSO
Mustardinha,San Martin,RUA DOM EXPEDITO LOPES
Mustardinha,San Martin,RUA ITAQUARI
Mustardinha,San Martin,RUA VINTE E UM DE ABRIL
Nova Descoberta,Vasco da Gama,AV NORTE MIGUEL ARRAES DE ALENCAR
Nova Descoberta,Vasco da Gama,RUA ALTO 13 DE MAIO
Nova Descoberta,Vasco da Gama,RUA ALTO DA FAVELA
Nova Descoberta,Vasco da Gama,RUA ARAPIRACA
Nova Descoberta,Vasco da Gama,RUA ASSUNCAO
Nova Descoberta,Vasco da Gama,RUA BEMPOSTA
Nova Descoberta,Vasco da Gama,RUA BRASITANIA
Nova Descoberta,Vasco da Gama,RUA LUIZ CESARIO DE MELO
Nova Descoberta,Vasco da Gama,RUA N S DA AJUDA
Nova Descoberta,Vasco da Gama,RUA PARAISOPOLIS
Nova Descoberta,Vasco da Gama,RUA VASCO DA GAMA
Parnamirim,Santana,AV DEZESSETE DE AGOSTO
Parnamirim,Santana,PRC JORNALISTA FRANCISCO PESSOA DE QUEIROZ
Parnamirim,Santana,RUA LEONARDO BEZERRA CAVALCANTI
Parnamirim,Tamarineira,RUA ALBINO MEIRA
Parnamirim,Tamarineira,RUA DES GOIS CAVALCANTE
Parnamirim,Tamarineira,RUA PADRE ROMA
Pina,São José,RUA BACIA DO PINA
Ponto de Parada,Rosarinho,AV PROFESSOR JOSE DOS ANJOS
Ponto de Parada,Rosarinho,AV SANTOS DUMONT
Ponto de Parada,Rosarinho,RUA ALMIRANTE NORONHA DE CARVALHO
Ponto de Parada,Rosarinho,RUA COUTO MAGALHAES
Ponto de Parada,Rosarinho,RUA SALVADOR DE SA
Ponto de Parada,Rosarinho,RUA TREZE DE JUNHO
Porto da Madeira,Água Fria,AV ANIBAL BENEVOLO
Porto da Madeira,Água Fria,AV BEBERIBE
Porto da Madeira,Água Fria,RUA CONS BARROS BARRETO
Porto da Madeira,Água Fria,RUA JUDITH
Prado,San Martin,AV ENGENHEIRO ABDIAS DE CARVALHO
Prado,San Martin,AV GENERAL SAN MARTIN
Prado,Zumbi,RUA CARATINGA
Prado,Zumbi,RUA GOMES TABORDA
Recife,Santo Amaro,RUA CAPIBARIBE-RIO
Recife,Santo Antônio,RUA CAPIBARIBE-RIO
Recife,São José,RUA CAPIBARIBE-RIO
Rosarinho,Tamarineira,AV ENGENHEIRO AGAMENON DE MAGALHAES MELO
Rosarinho,Tamarineira,AV NORTE MIGUEL ARRAES DE ALENCAR
Rosarinho,Tamarineira,AV PROFESSOR JOSE DOS ANJOS
Rosarinho,Tamarineira,RUA CAPITAO SAMPAIO XAVIER
Rosarinho,Tamarineira,RUA DR JOSE MARIA
Rosarinho,Tamarineira,RUA GENERAL ABREU E LIMA
San Martin,Torrões,AV ENGENHEIRO ABDIAS DE CARVALHO
San Martin,Torrões,AV RECIFE
San Martin,Torrões,RUA DELMIRO GOUVEIA
San Martin,Torrões,RUA DR FLAVIO FERREIRA DA SILVA MAROJO
San Martin,Torrões,RUA QUINZE DE MARCO
San Martin,Torrões,RUA VINTE E UM DE ABRIL
Sancho,Tejipió,AV LIBERDADE
Sancho,Tejipió,AV PADRE IBIAPINA
Sancho,Tejipió,RUA APRIGIO GUIMARAES
Sancho,Tejipió,RUA MATOSO DA CAMARA
Sancho,Totó,AV LIBERDADE
Sancho,Totó,RUA DO NASCENTE
Sancho,Totó,RUA PAULINO DE FARIAS
Santana,Torre,AV BEIRA RIO
Santana,Torre,RUA CAPIBARIBE-RIO
Santo Amaro,Santo Antônio,RUA CAPIBARIBE-RIO
Santo Amaro,Santo Antônio,RUA DA AURORA
Santo Amaro,Santo Antônio,RUA PRINCESA ISABEL
Santo Amaro,Soledade,AV JOAO DE BARROS
Santo Amaro,Soledade,RUA BISPO CARDOSO AYRES
Santo Amaro,Soledade,RUA DO PRINCIPE
Santo Amaro,Soledade,RUA GERVASIO PIRES
Santo Amaro,Torreão,AV GOVERNADOR AGAMENON MAGALHAES
Santo Amaro,Torreão,AV NORTE MIGUEL ARRAES DE ALENCAR
Santo Antônio,São José,AV DANTAS BARRETO
Santo Antônio,São José,C SANTA RITA
Santo Antônio,São José,PRC DOM VITAL
Santo Antônio,São José,RUA CAPIBARIBE-RIO
Santo Antônio,São José,RUA DA CONCORDIA
Santo Antônio,São José,RUA DA PALMA
Santo Antônio,São José,RUA DAS AGUAS VERDES
Santo Antônio,São José,RUA DIREITA
Santo Antônio,São José,RUA DO PORAO
Santo Antônio,São José,RUA FLORIANO PEIXOTO
Santo Antônio,São José,RUA TOBIAS BARRETO
Santo Antônio,São José,RUA VINTE E QUATRO DE MAIO
Santo Antônio,São José,TRV DO CAIS DA DETENCAO
Santo Antônio,São José,TRV DO MERCADO
Torre,Zumbi,RUA DIOGO ALVARES
Torre,Zumbi,RUA DOM MANOEL DA COSTA
Torre,Zumbi,RUA SOUZA BANDEIRA
